0,0,0.086225744,0.172451489,-8.335302517,-8.162851028
0.000852174,0.002506266,-0.664325091,-1.328650181,-4.985786659,-6.31443684
0.001704348,0.005012531,-1.013833561,-2.027667122,-2.24740308,-4.275070202
0.002556522,0.007518797,-1.950459725,-3.90091945,0.782367455,-3.118551994
0.003408696,0.010025063,-3.225450093,-6.450900185,2.543669267,-3.907230919
0.00426087,0.012531328,-3.76357703,-7.52715406,3.005558205,-4.521595854
0.005113044,0.015037594,-4.011921114,-8.023842228,3.130869996,-4.892972233
0.005965218,0.01754386,-4.007996305,-8.015992611,3.206287251,-4.809705359
0.006817392,0.020050125,-3.980517836,-7.961035672,3.226568971,-4.734466701
0.007669566,0.022556391,-3.937168628,-7.874337257,3.226667141,-4.647670116
0.00852174,0.025062657,-3.87680828,-7.753616559,3.221021817,-4.532594743
0.009373914,0.027568922,-3.740219527,-7.480439054,3.211512504,-4.268926549
0.010226088,0.030075188,-3.705316119,-7.410632237,3.197768686,-4.212863551
0.011078262,0.032581454,-3.685214094,-7.370428189,3.179509089,-4.190919099
0.011930436,0.035087719,-3.665046797,-7.330093594,3.156458134,-4.17363546
0.01278261,0.037593985,-3.642601287,-7.285202574,3.128341399,-4.156861175
0.013634784,0.040100251,-3.623686881,-7.247373762,3.097378411,-4.14999535
0.014486958,0.042606516,-3.614122562,-7.228245123,3.015221536,-4.213023587
0.015339132,0.045112782,-3.613844887,-7.227689774,2.785237599,-4.442452175
0.016191307,0.047619048,-3.613854946,-7.227709891,2.550845668,-4.676864224
0.017043481,0.050125313,-3.613874197,-7.227748393,2.442080141,-4.785668252
0.017895655,0.052631579,-3.613903999,-7.227807998,2.428584858,-4.79922314
0.018747829,0.055137845,-3.613945711,-7.227891421,2.452278769,-4.775612652
0.019600003,0.05764411,-3.631505425,-7.26301085,2.545380027,-4.717630823
0.020452177,0.060150376,-3.677634171,-7.355268341,2.725067031,-4.63020131
0.021304351,0.062656642,-3.734214945,-7.468429889,2.84340324,-4.625026649
0.022156525,0.065162907,-3.816877271,-7.633754543,2.918026191,-4.715728352
0.023008699,0.067669173,-3.907387318,-7.814774637,2.989197266,-4.825577371
0.023860873,0.070175439,-3.988068398,-7.976136796,3.096875605,-4.879261191
0.024713047,0.072681704,-4.263476007,-8.526952014,3.160439026,-5.366512988
0.025565221,0.07518797,-4.438078453,-8.876156907,3.165486233,-5.710670674
0.026417395,0.077694236,-4.495609487,-8.991218975,3.165294829,-5.825924145
0.027269569,0.080200501,-4.547906087,-9.095812174,3.158788201,-5.937023973
0.028121743,0.082706767,-4.600702149,-9.201404299,3.128535449,-6.07286885
0.028973917,0.085213033,-4.66364067,-9.327281341,3.074665119,-6.252616222
0.029826091,0.087719298,-4.804549439,-9.609098878,3.001507701,-6.607591177
0.030678265,0.090225564,-5.048930582,-10.09786116,2.903895323,-7.193965842
0.031530439,0.09273183,-5.304270395,-10.60854079,2.711882684,-7.896658106
0.032382613,0.095238095,-5.456751881,-10.91350376,2.566039126,-8.347464636
0.033234787,0.097744361,-5.615283326,-11.23056665,2.521190504,-8.709376148
0.034086961,0.100250627,-5.946516683,-11.89303337,2.478208889,-9.414824476
0.034939135,0.102756892,-6.279319742,-12.55863948,2.424728884,-10.1339106
0.035791309,0.105263158,-6.4618544,-12.9237088,2.369468676,-10.55424012
0.036643483,0.107769424,-6.539998996,-13.07999799,2.320902373,-10.75909562
0.037495657,0.110275689,-6.61287948,-13.22575896,2.284593972,-10.94116499
0.038347831,0.112781955,-6.767833947,-13.53566789,2.258260064,-11.27740783
0.039200005,0.115288221,-6.845003785,-13.69000757,2.23643318,-11.45357439
0.040052179,0.117794486,-6.87246419,-13.74492838,2.214878876,-11.5300495
0.040904353,0.120300752,-6.900630775,-13.80126155,2.189123504,-11.61213805
0.041756527,0.122807018,-6.94801866,-13.89603732,2.156616774,-11.73942055
0.042608701,0.125313283,-6.985817401,-13.9716348,2.118131594,-11.85350321
0.043460875,0.127819549,-6.987432785,-13.97486557,2.073304216,-11.90156135
0.044313049,0.130325815,-6.978126097,-13.95625219,2.019833477,-11.93641872
0.045165223,0.13283208,-6.960668467,-13.92133693,1.956942223,-11.96439471
0.046017397,0.135338346,-6.934907265,-13.86981453,1.862436874,-12.00737766
0.046869571,0.137844612,-6.900689861,-13.80137972,1.723600407,-12.07777932
0.047721746,0.140350877,-6.857863626,-13.71572725,1.605537332,-12.11018992
0.04857392,0.142857143,-6.757722477,-13.51544495,1.529220009,-11.98622495
0.049426094,0.145363409,-6.63758713,-13.27517426,1.456965406,-11.81820885
0.050278268,0.147869674,-6.608629265,-13.21725853,1.353215435,-11.86404309
0.051130442,0.15037594,-6.589617966,-13.17923593,1.219206252,-11.96002968
0.051982616,0.152882206,-6.57629804,-13.15259608,1.094723508,-12.05787257
0.05283479,0.155388471,-6.564414293,-13.12882859,0.986277445,-12.14255114
0.053686964,0.157894737,-6.549953912,-13.09990782,0.884247628,-12.2156602
0.054539138,0.160401003,-6.533209389,-13.06641878,0.789430234,-12.27698854
0.055391312,0.162907268,-6.516867366,-13.03373473,0.703168908,-12.33056582
0.056243486,0.165413534,-6.503432283,-13.00686457,0.625175482,-12.38168908
0.05709566,0.167919799,-6.495408579,-12.99081716,0.552274413,-12.43854275
0.057947834,0.170426065,-6.494208498,-12.988417,0.480487786,-12.50792921
0.058800008,0.172932331,-6.494225859,-12.98845172,0.405737569,-12.58271415
0.059652182,0.175438596,-6.494254369,-12.98850874,0.326002622,-12.66250612
0.060504356,0.177944862,-6.494287027,-12.98857405,0.242729895,-12.74584416
0.06135653,0.180451128,-6.494316829,-12.98863366,0.157719382,-12.83091428
0.062208704,0.182957393,-6.494336776,-12.98867355,0.071647305,-12.91702625
0.063060878,0.185463659,-6.494169166,-12.98833833,-0.018802029,-13.00714036
0.063913052,0.187969925,-6.491862753,-12.98372551,-0.114476452,-13.09820196
0.064765226,0.19047619,-6.487420092,-12.97484018,-0.20913602,-13.1839762
0.0656174,0.192982456,-6.481547907,-12.96309581,-0.296072552,-13.25916837
0.066469574,0.195488722,-6.474952922,-12.94990584,-0.368375747,-13.31828159
0.067321748,0.197994987,-6.468341857,-12.93668371,-0.424064892,-13.36074861
0.068173922,0.200501253,-6.462335472,-12.92467094,-0.469062278,-13.39373322
0.069026096,0.203007519,-6.45504961,-12.91009922,-0.511812001,-13.42191122
0.06987827,0.205513784,-6.446731167,-12.89346233,-0.560435542,-13.45389788
0.070730444,0.20802005,-6.439111822,-12.87822364,-0.62398955,-13.50221319
0.071582618,0.210526316,-6.433923251,-12.8678465,-0.711220983,-13.57906749
0.072434792,0.213032581,-6.433981037,-12.86796207,-0.821786365,-13.68974844
0.073286966,0.215538847,-6.454470408,-12.90894082,-0.967470848,-13.87641166
0.07413914,0.218045113,-6.487699076,-12.97539815,-1.08682438,-14.06222253
0.074991314,0.220551378,-6.517960749,-13.0359215,-1.154139719,-14.19006122
0.075843488,0.223057644,-6.534145845,-13.06829169,-1.242857758,-14.31114945
0.076695662,0.22556391,-6.546117973,-13.09223595,-1.380335962,-14.47257191
0.077547836,0.228070175,-6.556165712,-13.11233142,-1.467018036,-14.57934946
0.07840001,0.230576441,-6.565063106,-13.13012621,-1.502737049,-14.63286326
0.079252185,0.233082707,-6.573584197,-13.14716839,-1.539196332,-14.68636473
0.080104359,0.235588972,-6.582503025,-13.16500605,-1.639430456,-14.80443651
0.080956533,0.238095238,-6.592739999,-13.18548,-1.912465431,-15.09794543
0.081808707,0.240601504,-6.605215653,-13.21043131,-2.250677908,-15.46110921
0.082660881,0.243107769,-6.618622458,-13.23724492,-2.424237621,-15.66148254
0.083513055,0.245614035,-6.631350712,-13.26270142,-2.505817953,-15.76851938
0.084365229,0.248120301,-6.641790712,-13.28358142,-2.677029567,-15.96061099
0.085217403,0.250626566,-6.648332754,-13.29666551,-2.833961055,-16.13062656
0.086069577,0.253132832,-6.649477223,-13.29895445,-2.722697464,-16.02165191
0.086921751,0.255639098,-6.646023555,-13.29204711,-2.010870671,-15.30291778
0.087773925,0.258145363,-6.639787279,-13.27957456,-1.356457602,-14.63603216
0.088626099,0.260651629,-6.632367596,-13.26473519,-1.256957562,-14.52169275
0.089478273,0.263157895,-6.625363704,-13.25072741,-1.314687517,-14.56541492
0.090330447,0.26566416,-6.620374804,-13.24074961,-1.451781248,-14.69253086
0.091182621,0.268170426,-6.618909319,-13.23781864,-1.617195413,-14.85501405
0.092034795,0.270676692,-6.618922969,-13.23784594,-1.828208095,-15.06605403
0.092886969,0.273182957,-6.618952857,-13.23790571,-2.058007385,-15.2959131
0.093739143,0.275689223,-6.620865308,-13.24173062,-2.300805765,-15.54253638
0.094591317,0.278195489,-6.627888683,-13.25577737,-2.572500586,-15.82827795
0.095443491,0.280701754,-6.63716355,-13.2743271,-2.867839956,-16.14216705
0.096295665,0.28320802,-6.645551674,-13.29110335,-3.114850109,-16.40595346
0.097147839,0.285714286,-6.649914823,-13.29982965,-3.292286376,-16.59211602
0.098000013,0.288220551,-6.596351798,-13.1927036,-3.428396592,-16.62110019
0.098852187,0.290726817,-6.500134558,-13.00026912,-3.544239315,-16.54450843
0.099704361,0.293233083,-6.394281258,-12.78856252,-3.644987513,-16.43355003
0.100556535,0.295739348,-6.274266572,-12.54853314,-3.701512897,-16.25004604
0.101408709,0.298245614,-6.107602906,-12.21520581,-3.706932351,-15.92213816
0.102260883,0.30075188,-5.926840803,-11.85368161,-3.683461773,-15.53714338
0.103113057,0.303258145,-5.790419476,-11.58083895,-3.646936439,-15.22777539
0.103965231,0.305764411,-5.63224821,-11.26449642,-3.610693686,-14.87519011
0.104817405,0.308270677,-5.493442926,-10.98688585,-3.593594674,-14.58048053
0.105669579,0.310776942,-5.453047415,-10.90609483,-3.661110764,-14.56720559
0.106521753,0.313283208,-5.426337265,-10.85267453,-3.809468781,-14.66214331
0.107373927,0.315789474,-5.4133097,-10.8266194,-3.88239229,-14.70901169
0.108226101,0.318295739,-5.413124541,-10.82624908,-3.956744662,-14.78299374
0.109078275,0.320802005,-5.420795409,-10.84159082,-4.052202186,-14.893793
0.109930449,0.323308271,-5.433791473,-10.86758295,-4.143989035,-15.01157198
0.110782624,0.325814536,-5.450083946,-10.90016789,-4.220024373,-15.12019226
0.111634798,0.328320802,-5.467644038,-10.93528808,-4.283670894,-15.21895897
0.112486972,0.330827068,-5.488769957,-10.97753991,-4.335496901,-15.31303681
0.113339146,0.333333333,-5.521346377,-11.04269275,-4.383572146,-15.4262649
0.11419132,0.335839599,-5.5522982,-11.1045964,-4.430153227,-15.53474963
0.115043494,0.338345865,-5.56686451,-11.13372902,-4.477376815,-15.61110583
0.115895668,0.34085213,-5.564938081,-11.12987616,-4.552532132,-15.68240829
0.116747842,0.343358396,-5.559518068,-11.11903614,-4.679137335,-15.79817347
0.117600016,0.345864662,-5.55195991,-11.10391982,-4.755659598,-15.85957942
0.11845219,0.348370927,-5.543590448,-11.0871809,-4.765080131,-15.85226103
0.119304364,0.350877193,-5.535729522,-11.07145904,-4.765136505,-15.83659555
0.120156538,0.353383459,-5.526143356,-11.05228671,-4.765179345,-15.81746606
0.121008712,0.355889724,-5.515152968,-11.03030594,-4.765203646,-15.79550958
0.121860886,0.35839599,-5.506976219,-11.01395244,-4.764975796,-15.77892823
0.12271306,0.360902256,-5.505168945,-11.01033789,-4.761907441,-15.77224533
0.123565234,0.363408521,-5.505184545,-11.01036909,-4.752251819,-15.76262091
0.124417408,0.365914787,-5.505212113,-11.01042423,-4.738033154,-15.74845738
0.125269582,0.368421053,-5.505244647,-11.01048929,-4.721125507,-15.7316148
0.126121756,0.370927318,-5.505275145,-11.01055029,-4.701138792,-15.71168908
0.12697393,0.373433584,-5.505296605,-11.01059321,-4.668598797,-15.67919201
0.127826104,0.37593985,-5.505185016,-11.01037003,-4.622702107,-15.63307214
0.128678278,0.378446115,-5.502126398,-11.0042528,-4.587740349,-15.59199314
0.129530452,0.380952381,-5.49611295,-10.9922259,-4.582116915,-15.57434282
0.130382626,0.383458647,-5.488743873,-10.97748775,-4.594370873,-15.57185862
0.1312348,0.385964912,-5.481618366,-10.96323673,-4.616171254,-15.57940799
0.132086974,0.388471178,-5.47633563,-10.95267126,-4.63635945,-15.58903071
0.132939148,0.390977444,-5.474477865,-10.94895573,-4.65305205,-15.60200778
0.133791322,0.393483709,-5.474491212,-10.94898242,-4.669629626,-15.61861205
0.134643496,0.395989975,-5.474519573,-10.94903915,-4.685579224,-15.63461837
0.13549567,0.398496241,-5.474552007,-10.94910401,-4.698467606,-15.64757162
0.136347844,0.401002506,-5.474577574,-10.94915515,-4.699686284,-15.64884143
0.137200018,0.403508772,-5.455958144,-10.91191629,-4.650266364,-15.56218265
0.138052192,0.406015038,-5.101697377,-10.20339475,-4.471566513,-14.67496127
0.138904366,0.408521303,-5.028956349,-10.0579127,-4.281153899,-14.3390666
0.13975654,0.411027569,-4.980563778,-9.961127556,-4.134742744,-14.0958703
0.140608714,0.413533835,-4.954133449,-9.908266898,-3.97359374,-13.88186064
0.141460888,0.4160401,-4.948378707,-9.896757414,-3.745235813,-13.64199323
0.142313063,0.418546366,-4.948393666,-9.896787332,-3.543174577,-13.43996191
0.143165237,0.421052632,-4.948420234,-9.896840469,-3.415838513,-13.31267898
0.144017411,0.423558897,-4.948448688,-9.896897376,-3.312068926,-13.2089663
0.144869585,0.426065163,-4.948472699,-9.896945398,-3.221194781,-13.11814018
0.145721759,0.428571429,-4.948500228,-9.897000457,-3.138301752,-13.03530221
0.146573933,0.431077694,-4.948529395,-9.897058791,-3.064048434,-12.96110722
0.147426107,0.43358396,-4.948556699,-9.897113397,-3.006308954,-12.90342235
0.148278281,0.436090226,-4.948578637,-9.897157275,-2.965277265,-12.86243454
0.149130455,0.438596491,-4.948591711,-9.897183422,-2.924858228,-12.82204165
0.149982629,0.441102757,-4.947232632,-9.894465264,-2.858766666,-12.75323193
0.150834803,0.443609023,-4.935677035,-9.871354071,-2.703172465,-12.57452654
0.151686977,0.446115288,-4.916282226,-9.832564452,-2.429556867,-12.26212132
0.152539151,0.448621554,-4.893859808,-9.787719616,-2.254484327,-12.04220394
0.153391325,0.45112782,-4.873221384,-9.746442768,-2.189355512,-11.93579828
0.154243499,0.453634085,-4.859178558,-9.718357117,-2.101197842,-11.81955496
0.155095673,0.456140351,-4.857616843,-9.715233686,-1.88980222,-11.60503591
0.155947847,0.458646617,-4.882471383,-9.764942767,-1.686716922,-11.45165969
0.156800021,0.461152882,-4.91938294,-9.838765879,-1.519979706,-11.35874559
0.157652195,0.463659148,-4.946023705,-9.892047409,-1.321720506,-11.21376792
0.158504369,0.466165414,-4.943915246,-9.887830491,-1.101571476,-10.98940197
0.159356543,0.468671679,-4.926228182,-9.852456364,-0.815058593,-10.66751496
0.160208717,0.471177945,-4.917904483,-9.835808965,-0.530742178,-10.36655114
0.161060891,0.473684211,-4.91792251,-9.83584502,-0.360474817,-10.19631984
0.161913065,0.476190476,-4.917950905,-9.835901811,-0.265743526,-10.10164534
0.162765239,0.478696742,-4.917973565,-9.83594713,-0.17480054,-10.01074767
0.163617413,0.481203008,-4.917995551,-9.835991102,-0.071161932,-9.907153034
0.164469587,0.483709273,-4.918017537,-9.836035074,0.029306623,-9.806728451
0.165321761,0.486215539,-4.918039523,-9.836079046,0.112375865,-9.723703181
0.166173935,0.488721805,-4.918061509,-9.836123018,0.183169556,-9.652953461
0.167026109,0.49122807,-4.918083495,-9.83616699,0.280447949,-9.555719041
0.167878283,0.493734336,-4.918107709,-9.836215419,0.359200137,-9.477015282
0.168730457,0.496240602,-4.918135424,-9.836270849,0.371725719,-9.46454513
0.169582631,0.498746867,-4.883229173,-9.766458345,0.371678062,-9.394780283
0.170434805,0.501253133,-3.108992255,-6.217984511,-0.696635654,-6.914620165
0.171286979,0.503759398,-1.896143163,-3.792286326,-1.670125764,-5.46241209
0.172139153,0.506265664,-0.339533005,-0.679066011,-2.821576768,-3.500642778
0.172991327,0.50877193,0.9496021,1.8992042,-5.256684557,-3.357480357
0.173843502,0.511278195,1.450154763,2.900309525,-7.093271269,-4.192961744
0.174695676,0.513784461,1.53524849,3.070496979,-7.86046036,-4.789963381
0.17554785,0.516290727,1.587622068,3.175244135,-8.021634561,-4.846390426
0.176400024,0.518796992,1.611543049,3.223086097,-7.995205929,-4.772119832
0.177252198,0.521303258,1.613937594,3.227875188,-7.921892445,-4.694017256
0.178104372,0.523809524,1.612117581,3.224235162,-7.822292647,-4.598057485
0.178956546,0.526315789,1.608380547,3.216761094,-7.609996957,-4.393235863
0.17980872,0.528822055,1.602589575,3.205179151,-7.438013664,-4.232834513
0.180660894,0.531328321,1.594607748,3.189215497,-7.389186048,-4.199970551
0.181513068,0.533834586,1.584298148,3.168596297,-7.350538615,-4.181942318
0.182365242,0.536340852,1.571523858,3.143047717,-7.307469014,-4.164421298
0.183217416,0.538847118,1.556147961,3.112295921,-7.264331977,-4.152036056
0.18406959,0.541353383,1.538033537,3.076067075,-7.234768247,-4.158701172
0.184921764,0.543859649,1.459751842,2.919503684,-7.227832528,-4.308328844
0.185773938,0.546365915,1.324505796,2.649011592,-7.227696529,-4.578684937
0.186626112,0.54887218,1.24122433,2.48244866,-7.227726598,-4.745277937
0.187478286,0.551378446,1.211742682,2.423485363,-7.227775352,-4.804289989
0.18833046,0.553884712,1.219556284,2.439112569,-7.227837594,-4.788725025
0.189182634,0.556390977,1.237337027,2.474674054,-7.239112802,-4.764438749
0.190034808,0.558897243,1.320776295,2.64155259,-7.302792999,-4.661240409
0.190886982,0.561403509,1.398067737,2.796135474,-7.407760129,-4.611624655
0.191739156,0.563909774,1.441186284,2.882372568,-7.546284846,-4.663912278
0.19259133,0.56641604,1.476386193,2.952772387,-7.724538332,-4.771765945
0.193443504,0.568922306,1.515256248,3.030512497,-7.885583716,-4.855071219
0.194295678,0.571428571,1.573814147,3.147628295,-8.229316124,-5.081687829
0.195147852,0.573934837,1.582748899,3.165497798,-8.733346705,-5.567848907
0.196000026,0.576441103,1.582727268,3.165454537,-8.941627057,-5.77617252
0.1968522,0.578947368,1.582436922,3.164873845,-9.044076558,-5.879202713
0.197704374,0.581453634,1.573296074,3.146592148,-9.147388805,-6.000796656
0.198556548,0.5839599,1.55204254,3.104085079,-9.256945515,-6.152860436
0.199408722,0.586466165,1.519952873,3.039905746,-9.445255424,-6.405349679
0.200260896,0.588972431,1.478303628,2.956607256,-9.835732649,-6.879125394
0.20111307,0.591478697,1.418045616,2.836091232,-10.36790119,-7.531809954
0.201965244,0.593984962,1.301512789,2.603025578,-10.76989524,-8.166869663
0.202817418,0.596491228,1.270701963,2.541403925,-11.05728883,-8.515884901
0.203669592,0.598997494,1.251001778,2.502003555,-11.53240421,-9.030400651
0.204521766,0.601503759,1.226143739,2.452287479,-12.24990043,-9.797612954
0.205373941,0.604010025,1.198372353,2.396744705,-12.77275474,-10.37601004
0.206226115,0.606516291,1.17194016,2.343880321,-13.01035768,-10.66647735
0.207078289,0.609022556,1.150444174,2.300888347,-13.14695004,-10.84606169
0.207930463,0.611528822,1.135281782,2.270563564,-13.37973972,-11.10917615
0.208782637,0.614035088,1.123509297,2.247018594,-13.62846839,-11.3814498
0.209634811,0.616541353,1.112955178,2.225910356,-13.72064241,-11.49473205
0.210486985,0.619047619,1.10145932,2.202918639,-13.77121415,-11.56829552
0.211339159,0.621553885,1.086861683,2.173723366,-13.8469691,-11.67324573
0.212191333,0.62406015,1.068983061,2.137966122,-13.94357487,-11.80560875
0.213043507,0.626566416,1.048342628,2.096685256,-13.97402477,-11.87733952
0.213895681,0.629072682,1.02389298,2.04778596,-13.96859413,-11.92080817
0.214747855,0.631578947,0.994586712,1.989173424,-13.94096225,-11.95178883
0.215600029,0.634085213,0.959168387,1.918336775,-13.8977211,-11.97938432
0.216452203,0.636591479,0.898143547,1.796287094,-13.83775904,-12.04147194
0.217304377,0.639097744,0.827873454,1.655746907,-13.76404204,-12.10829513
0.218156551,0.64160401,0.781800043,1.563600087,-13.62789504,-12.06429496
0.219008725,0.644110276,0.747823549,1.495647099,-13.37966864,-11.88402154
0.219860899,0.646616541,0.705993172,1.411986344,-13.24028799,-11.82830165
0.220713073,0.649122807,0.64357509,1.28715018,-13.19642506,-11.90927488
0.221565247,0.651629073,0.576463022,1.152926044,-13.16514007,-12.01221402
0.222417421,0.654135338,0.519959512,1.039919024,-13.14083362,-12.10091459
0.223269595,0.656641604,0.467220354,0.934440707,-13.1149864,-12.1805457
0.224121769,0.65914787,0.417948098,0.835896197,-13.08341879,-12.2475226
0.224973943,0.661654135,0.372535986,0.745071972,-13.04962821,-12.30455624
0.225826117,0.664160401,0.331617958,0.663235916,-13.01912476,-12.35588884
0.226678291,0.666666667,0.294166718,0.588333436,-12.99685106,-12.40851763
0.227530465,0.669172932,0.258243767,0.516487533,-12.98909511,-12.47260757
0.228382639,0.671679198,0.221910604,0.443821208,-12.98842896,-12.54460775
0.229234813,0.674185464,0.183250457,0.366500914,-12.98847801,-12.6219771
0.230086987,0.676691729,0.14231224,0.28462448,-12.98854122,-12.70391674
0.230939161,0.679197995,0.100180748,0.200361497,-12.98860567,-12.78824418
0.231791335,0.681704261,0.057358806,0.114717613,-12.98865958,-12.87394197
0.232643509,0.684210526,0.013787818,0.027575635,-12.98858407,-12.96100843
0.233495683,0.686716792,-0.033158972,-0.066317943,-12.9867129,-13.05303085
0.234347857,0.689223058,-0.081168962,-0.162337924,-12.97978832,-13.14212625
0.235200031,0.691729323,-0.126967818,-0.253935636,-12.96925657,-13.2231922
0.236052205,0.694235589,-0.167281203,-0.334562405,-12.95659842,-13.29116083
0.23690438,0.696741855,-0.199134217,-0.398268434,-12.94321758,-13.34148602
0.237756554,0.69924812,-0.223711283,-0.447422566,-12.93074991,-13.37817247
0.238608728,0.701754386,-0.245093162,-0.490186323,-12.91768094,-13.40786727
0.239460902,0.704260652,-0.267405223,-0.534810445,-12.90182717,-13.43663762
0.240313076,0.706766917,-0.294772836,-0.589545672,-12.88539792,-13.47494359
0.24116525,0.709273183,-0.332021586,-0.664043172,-12.87149175,-13.53553492
0.242017424,0.711779449,-0.382240412,-0.764480824,-12.86787548,-13.6323563
0.242869598,0.714285714,-0.442872181,-0.885744361,-12.88214314,-13.7678875
0.243721772,0.71679198,-0.520906736,-1.041813472,-12.94058764,-13.98240111
0.244573946,0.719298246,-0.561578741,-1.123157482,-13.00830621,-14.13146369
0.24542612,0.721804511,-0.594059519,-1.188119038,-13.05393831,-14.24205735
0.246278294,0.724310777,-0.653921778,-1.307843556,-13.08097321,-14.38881677
0.247130468,0.726817043,-0.719535358,-1.439070716,-13.10265574,-14.54172645
0.247982642,0.729323308,-0.743485023,-1.486970046,-13.12141194,-14.60838198
0.248834816,0.731829574,-0.759368938,-1.518737876,-13.13864474,-14.65738262
0.24968699,0.73433584,-0.784845494,-1.569690987,-13.15588294,-14.72557393
0.250539164,0.736842105,-0.874115137,-1.748230274,-13.17481467,-14.92304494
0.251391338,0.739348371,-1.04707928,-2.094158561,-13.19753603,-15.29169459
0.252243512,0.741854637,-1.183728347,-2.367456695,-13.22380455,-15.59126125
0.253095686,0.744360902,-1.233713418,-2.467426836,-13.25037007,-15.71779691
0.25394786,0.746867168,-1.276338012,-2.552676023,-13.27399829,-15.82667431
0.254800034,0.749373434,-1.396638606,-2.793277212,-13.29164735,-16.08492456
0.255652208,0.751879699,-1.425638839,-2.851277678,-13.29829701,-16.14957469
0.256504382,0.754385965,-1.229186584,-2.458373167,-13.29661214,-15.7549853
0.257356556,0.756892231,-0.789917379,-1.579834758,-13.28639365,-14.86622841
0.25820873,0.759398496,-0.626178972,-1.252357944,-13.27226215,-14.52462009
0.259060904,0.761904762,-0.634369821,-1.268739642,-13.25738663,-14.52612627
0.259913078,0.764411028,-0.692710928,-1.385421857,-13.2448481,-14.63026996
0.260765252,0.766917293,-0.763433273,-1.526866546,-13.23871775,-14.7655843
0.261617426,0.769423559,-0.859279836,-1.718559673,-13.2378276,-14.95638728
0.2624696,0.771929825,-0.971668229,-1.943336458,-13.2378658,-15.18120225
0.263321774,0.77443609,-1.088195326,-2.176390653,-13.2390813,-15.41547196
0.264173948,0.776942356,-1.215866855,-2.431733711,-13.24750716,-15.67924087
0.265026122,0.779448622,-1.358797104,-2.717594208,-13.26484832,-15.98244253
0.265878296,0.781954887,-1.502920163,-3.005840326,-13.28348244,-16.28932276
0.26673047,0.784461153,-1.604304166,-3.208608331,-13.29690159,-16.50550993
0.267582644,0.786967419,-1.682873284,-3.365746568,-13.26347078,-16.62921735
0.268434819,0.789473684,-1.742957665,-3.485915331,-13.10448358,-16.59039891
0.269286993,0.79197995,-1.798700094,-3.597400189,-12.89733695,-16.49473714
0.270139167,0.794486216,-1.840090027,-3.680180053,-12.67531126,-16.35549131
0.270991341,0.796992481,-1.855743813,-3.711487626,-12.39034025,-16.10182787
0.271843515,0.799498747,-1.848761557,-3.697523113,-12.0299601,-15.72748321
0.272695689,0.802005013,-1.832837256,-3.665674512,-11.71501053,-15.38068504
0.273547863,0.804511278,-1.814234196,-3.628468392,-11.42300855,-15.05147694
0.274400037,0.807017544,-1.799215662,-3.598431325,-11.10437169,-14.70280302
0.275252211,0.80952381,-1.795777769,-3.591555537,-10.93888491,-14.53044045
0.276104385,0.812030075,-1.879907751,-3.759815502,-10.87572365,-14.63553916
0.276956559,0.814536341,-1.924511733,-3.849023466,-10.83535993,-14.6843834
0.277808733,0.817042607,-1.957765933,-3.915531866,-10.82634296,-14.74187482
0.278660907,0.819548872,-2.001133203,-4.002266405,-10.8315081,-14.83377451
0.279513081,0.822055138,-2.050702246,-4.101404492,-10.85338404,-14.95478853
0.280365255,0.824561404,-2.091560805,-4.183121611,-10.88326447,-15.06638608
0.281217429,0.827067669,-2.126884987,-4.253769974,-10.91715895,-15.17092893
0.282069603,0.829573935,-2.155431963,-4.310863926,-10.95480106,-15.26566498
0.282921777,0.832080201,-2.179573784,-4.359147569,-11.0085881,-15.36773567
0.283773951,0.834586466,-2.203823476,-4.407646953,-11.07662795,-15.4842749
0.284626125,0.837092732,-2.226611407,-4.453222814,-11.12411517,-15.57733799
0.285478299,0.839598997,-2.25339026,-4.50678052,-11.13251323,-15.63929375
0.286330473,0.842105263,-2.304407417,-4.608814835,-11.12532375,-15.73413859
0.287182647,0.844611529,-2.366923544,-4.733847089,-11.11188553,-15.84573261
0.288034821,0.847117794,-2.382515385,-4.76503077,-11.09559138,-15.86062215
0.288886995,0.84962406,-2.382553553,-4.765107107,-11.07945272,-15.84455983
0.289739169,0.852130326,-2.382580197,-4.765160394,-11.06227341,-15.8274338
0.290591343,0.854636591,-2.382596676,-4.765193352,-11.0410805,-15.80627385
0.291443517,0.857142857,-2.382604352,-4.765208703,-11.02052499,-15.78573369
0.292295691,0.859649123,-2.382185104,-4.764370208,-11.0114051,-15.77577531
0.293147865,0.862155388,-2.378829892,-4.757659784,-11.01034851,-15.76800829
0.294000039,0.864661654,-2.372785435,-4.745570869,-11.01039418,-15.75596505
0.294852213,0.86716792,-2.364852541,-4.729705082,-11.01045635,-15.74016143
0.295704387,0.869674185,-2.355832022,-4.711664044,-11.01052136,-15.72218541
0.296556561,0.872180451,-2.34408288,-4.68816576,-11.01057805,-15.69874381
0.297408735,0.874686717,-2.322953569,-4.645907138,-11.01053545,-15.65644259
0.298260909,0.877192982,-2.301377108,-4.602754216,-11.00827129,-15.61102551
0.299113083,0.879699248,-2.290072308,-4.580144616,-10.99888129,-15.57902591
0.299965258,0.882205514,-2.293219896,-4.586439791,-10.98501248,-15.57145228
0.300817432,0.884711779,-2.302502878,-4.605005756,-10.97006775,-15.5750735
0.301669606,0.887218045,-2.313598665,-4.62719733,-10.95712439,-15.58432172
0.30252178,0.889724311,-2.322421962,-4.644843925,-10.95012628,-15.59497021
0.303373954,0.892230576,-2.33057442,-4.661148839,-10.94896454,-15.61011338
0.304226128,0.894736842,-2.338928318,-4.677856636,-10.94900776,-15.62686439
0.305078302,0.897243108,-2.346146101,-4.692292201,-10.949072,-15.6413642
0.305930476,0.899749373,-2.350890212,-4.701780424,-10.94913673,-15.65091715
0.30678265,0.902255639,-2.346942075,-4.69388415,-10.93938056,-15.63326471
0.307634824,0.904761905,-2.285979996,-4.571959993,-10.57898537,-15.15094536
0.308486998,0.90726817,-2.182249297,-4.364498594,-10.11500897,-14.47950756
0.309339172,0.909774436,-2.102548076,-4.205096152,-10.00353726,-14.20863341
0.310191346,0.912280702,-2.030705488,-4.061410976,-9.92851306,-13.98992404
0.31104352,0.914786967,-1.936482075,-3.872964151,-9.900149264,-13.77311341
0.311895694,0.917293233,-1.812295872,-3.624591743,-9.896767588,-13.52135933
0.312747868,0.919799499,-1.737986976,-3.475973952,-9.896811816,-13.37278577
0.313600042,0.922305764,-1.680933379,-3.361866758,-9.896869281,-13.25873604
0.314452216,0.92481203,-1.63279095,-3.2655819,-9.896921485,-13.16250339
0.31530439,0.927318296,-1.589480179,-3.178960358,-9.896972259,-13.07593262
0.316156564,0.929824561,-1.55002426,-3.100048521,-9.897029654,-12.99707817
0.317008738,0.932330827,-1.516097862,-3.032195724,-9.897087063,-12.92928279
0.317860912,0.934837093,-1.491987778,-2.983975555,-9.897137322,-12.88111288
0.318713086,0.937343358,-1.473259166,-2.946518333,-9.897174444,-12.84369278
0.31956526,0.939849624,-1.448829443,-2.897658886,-9.896432371,-12.79409126
0.320417434,0.94235589,-1.401260308,-2.802520616,-9.885922248,-12.68844286
0.321269608,0.944862155,-1.288057763,-2.576115525,-9.853538407,-12.42965393
0.322121782,0.947368421,-1.154818595,-2.30963719,-9.810315647,-12.11995284
0.322973956,0.949874687,-1.108147158,-2.216294316,-9.76588619,-11.98218051
0.32382613,0.952380952,-1.079888591,-2.159777182,-9.728924287,-11.88870147
0.324678304,0.954887218,-1.008549284,-2.017098567,-9.716092693,-11.73319126
0.325530478,0.957393484,-0.880920936,-1.761841873,-9.732661662,-11.49450354
0.326382652,0.959899749,-0.807954677,-1.615909353,-9.801544332,-11.41745369
0.327234826,0.962406015,-0.708390999,-1.416781998,-9.8731432,-11.2899252
0.328087,0.964912281,-0.610439619,-1.220879237,-9.890880892,-11.11176013
0.328939174,0.967418546,-0.484200796,-0.968401593,-9.872031503,-10.8404331
0.329791348,0.969924812,-0.331938453,-0.663876905,-9.841302647,-10.50517955
0.330643522,0.972431078,-0.212747449,-0.425494898,-9.835821479,-10.26131638
0.331495697,0.974937343,-0.154849543,-0.309699087,-9.835872627,-10.14557171
0.332347871,0.977443609,-0.111698322,-0.223396645,-9.835925192,-10.05932184
0.333200045,0.979949875,-0.061913748,-0.123827496,-9.835969199,-9.959796695
0.334052219,0.98245614,-0.009668902,-0.019337803,-9.836013088,-9.855350891
0.334904393,0.984962406,0.037004416,0.074008832,-9.83605706,-9.762048228
0.335756567,0.987468672,0.074230381,0.148460762,-9.836101032,-9.68764027
0.336608741,0.989974937,0.110718728,0.221437457,-9.836144738,-9.614707282
0.337460915,0.992481203,0.166035151,0.332070301,-9.836190504,-9.504120203
0.338313089,0.994987469,0.185866137,0.371732275,-9.836249595,-9.464517321
0.339165263,0.997493734,0.18585524,0.37171048,-9.818480976,-9.446770496
0.340017437,1,0.185812498,0.371624996,-8.335302517,-7.963677521
